,name,flight_number,departure_time,return_time,from,to
,name,flight_number,departure_time,return_time,from,to
,name,flight_number,departure_time,return_time,from,to
,name,flight_number,departure_time,return_time,from,to
,name,flight_number,departure_time,return_time,from,to
,name,flight_number,departure_time,return_time,from,to
,name,flight_number,departure_time,return_time,from,to
,name,flight_number,departure_time,return_time,from,to
,name,flight_number,departure_time,return_time,from,to
,name,flight_number,departure_time,return_time,from,to
,name,flight_number,departure_time,return_time,from,to
,name,flight_number,departure_time,return_time,from,to
,name,flight_number,departure_time,return_time,from,to
,name,flight_number,departure_time,return_time,from,to
,name,flight_number,departure_time,return_time,from,to
,name,flight_number,departure_time,return_time,from,to
,name,flight_number,departure_time,return_time,from,to
3.0,Ali,1241062694,140014_at_1_Jan,140014_at_1_Jan,Doha,
4.0,Ali,1240643806,120031_at_1_Jan,120031_at_1_Jan,Doha,
5.0,Ali,7759465416,40025_at_1_Jan,40025_at_1_Jan,Doha,
13.0,Ali,4350284768,150047_at_17_july,150047_at_29_july,Doha,Hyderabad
19.0,Ali,6166192851,210026_at_1_Jan,210026_at_1_Feb,doha,hyderabdad
21.0,Ali,2873938308,30032_at_1_Jan,30032_at_3_Apr,doha,
